<?xml version="1.0" encoding="UTF-8" ?><CompoundList xmlns="http://www.oblix.com" ListName="ObAccessClient.tmp"><SimpleList><NameValPair ParamName="id" Value="aepms.us.oracle.com" /></SimpleList><SimpleList><NameValPair ParamName="accessClientPasswd" Value="" /></SimpleList><SimpleList><NameValPair ParamName="preferredHost" Value="corpWebgates" /></SimpleList><SimpleList><NameValPair ParamName="state" Value="Enabled" /></SimpleList><SimpleList><NameValPair ParamName="maxCacheElems" Value="100000" /></SimpleList><SimpleList><NameValPair ParamName="cacheTimeout" Value="1800" /></SimpleList><SimpleList><NameValPair ParamName="tokenValidityPeriod" Value="28800" /></SimpleList><SimpleList><NameValPair ParamName="maxConnections" Value="9" /></SimpleList><SimpleList><NameValPair ParamName="maxSessionTime" Value="15" /></SimpleList><SimpleList><NameValPair ParamName="failoverThreshold" Value="1" /></SimpleList><SimpleList><NameValPair ParamName="aaaTimeoutThreshold" Value="5" /></SimpleList><SimpleList><NameValPair ParamName="sleepFor" Value="60" /></SimpleList><SimpleList><NameValPair ParamName="debug" Value="false" /></SimpleList><SimpleList><NameValPair ParamName="security" Value="simple" /></SimpleList><SimpleList><NameValPair ParamName="denyOnNotProtected" Value="1" /></SimpleList><SimpleList><NameValPair ParamName="cachePragmaHeader" Value="no-cache" /></SimpleList><SimpleList><NameValPair ParamName="cacheControlHeader" Value="no-cache" /></SimpleList><SimpleList><NameValPair ParamName="ipValidation" Value="0" /></SimpleList><SimpleList><NameValPair ParamName="logoutRedirectUrl" Value="https://login.oracle.com:443/oam/server/logout" /></SimpleList><SimpleList><NameValPair ParamName="logoutCallbackUrl" Value="/oam_logout_success" /></SimpleList><ValList xmlns="http://www.oblix.com" ListName="logOutUrls"><ValListMember Value="" /></ValList><ValList xmlns="http://www.oblix.com" ListName="primary_server_list"><ValListMember Value="login-iwebgate.oracle.com:5575" /></ValList><ValNameList xmlns="http://www.oblix.com" ListName="login-iwebgate.oracle.com:5575"><NameValPair ParamName="host" Value="login-iwebgate.oracle.com" /><NameValPair ParamName="port" Value="5575" /><NameValPair ParamName="numOfConnections" Value="9" /></ValNameList><ValList xmlns="http://www.oblix.com" ListName="secondary_server_list"></ValList><ValList xmlns="http://www.oblix.com" ListName="proxySSLHeaderVar"><ValListMember Value="IS_SSL" /></ValList><ValList xmlns="http://www.oblix.com" ListName="URLInUTF8Format"><ValListMember Value="true" /></ValList><ValList xmlns="http://www.oblix.com" ListName="client_request_retry_attempts"><ValListMember Value="3" /></ValList><ValList xmlns="http://www.oblix.com" ListName="inactiveReconfigPeriod"><ValListMember Value="10" /></ValList><ValList xmlns="http://www.oblix.com" ListName="maxSessionTimeUnits"><ValListMember Value="minutes" /></ValList></CompoundList>