<?xml version='1.0' encoding='UTF-8'?>
<logs xmlns='http://www.oracle.com/iAS/EMComponent/ojdl'>

 <log path='servers/%COMPONENT_ID%/logs/error_log'>
  <logreader class='oracle.core.ojdl.reader.SimpleTextLogReaderFactory'>
   <property name='TimestampFormat' value='[EEE MMM d HH:mm:ss yyyy]'/>
   <property name='ModuleId' value='ohs'/>
   <property name='ComponentId' value='%COMPONENT_ID%'/>
   <property name='TimestampLocale' value='en_US'/>
  </logreader>
  <logviewer LogType='ERROR'/>
 </log>
 <log path='servers/%COMPONENT_ID%/logs/%COMPONENT_ID%.log'>
  <logreader class='oracle.core.ojdl.reader.ODLLogReaderFactory'>
   <property name='format' value='ODL-Text'/> 
  </logreader>
  <logviewer LogType='ERROR' /> 
 </log>
 <log path='servers/%COMPONENT_ID%/logs/access_log'>
  <logreader class='oracle.core.ojdl.reader.AccessLogReaderFactory'>
   <property name='StatusCodeThreshold' value='100'/> 
   <property name='TimestampLocale' value='en_US'/> 
   <property name='ComponentId' value='%COMPONENT_ID%'/> 
  </logreader>
  <logviewer LogType='ACCESS'/>
 </log>

</logs>
